method_name,degradation_type,severity,parameter,parameter_value,num_samples,top1_accuracy,top5_accuracy,overall_accuracy,balanced_accuracy,macro_precision,macro_recall,macro_f1,inference_time_seconds,clean_top1_accuracy,clean_macro_f1,top1_drop,macro_f1_drop
hog_random_forest,blur,1,radius,1.0,5000,0.0104,0.0456,0.0104,0.0104,0.006476214172622699,0.0104,0.006253822292861688,30.002582916000392,0.0132,0.008393324228811136,0.0028000000000000004,0.0021395019359494475
hog_random_forest,blur,2,radius,2.0,5000,0.0124,0.0402,0.0124,0.012399999999999998,0.008184087731854249,0.012399999999999998,0.007574979681272166,25.84134687500773,0.0132,0.008393324228811136,0.0008000000000000004,0.0008183445475389694
hog_random_forest,blur,3,radius,3.0,5000,0.0078,0.0332,0.0078,0.0078000000000000005,0.0038605775639672284,0.0078000000000000005,0.0036986338581473247,27.97879025002476,0.0132,0.008393324228811136,0.0054,0.004694690370663811
hog_random_forest,blur,4,radius,4.0,5000,0.0106,0.032,0.0106,0.010599999999999998,0.005843490454261696,0.010599999999999998,0.005699554274852406,31.389661624998553,0.0132,0.008393324228811136,0.0026,0.0026937699539587292
hog_random_forest,blur,5,radius,5.0,5000,0.0096,0.0312,0.0096,0.0096,0.007481323303647542,0.0096,0.005640237095742543,30.464818875014316,0.0132,0.008393324228811136,0.0036000000000000008,0.002753087133068593
resnet18_pretrained_finetuned,blur,1,radius,1.0,5000,0.5828,0.7956,0.5828,0.5828,0.6477207224537636,0.5828,0.5889642454032469,64.91881895798724,0.6624,0.6620301298160315,0.0796,0.07306588441278461
resnet18_pretrained_finetuned,blur,2,radius,2.0,5000,0.3962,0.6332,0.3962,0.3962,0.5347877405571207,0.3962,0.4037803976771172,59.637613458005944,0.6624,0.6620301298160315,0.2662,0.2582497321389143
resnet18_pretrained_finetuned,blur,3,radius,3.0,5000,0.2546,0.463,0.2546,0.25460000000000005,0.4116410444646459,0.25460000000000005,0.25904129606986864,62.25889716699021,0.6624,0.6620301298160315,0.4078,0.40298883374616284
resnet18_pretrained_finetuned,blur,4,radius,4.0,5000,0.145,0.328,0.145,0.145,0.2634259010876732,0.145,0.1443141517915812,66.69299195799977,0.6624,0.6620301298160315,0.5174,0.5177159780244502
resnet18_pretrained_finetuned,blur,5,radius,5.0,5000,0.0902,0.2298,0.0902,0.0902,0.1821201381973097,0.0902,0.08675315455922217,125.06295979197603,0.6624,0.6620301298160315,0.5722,0.5752769752568093
resnet18_scratch_basic_aug_sgd,blur,1,radius,1.0,5000,0.3192,0.5508,0.3192,0.3192,0.36708754709643193,0.3192,0.319016544679436,45.31756070800475,0.3794,0.37511498506033875,0.06020000000000003,0.056098440380902725
resnet18_scratch_basic_aug_sgd,blur,2,radius,2.0,5000,0.1386,0.3224,0.1386,0.13860000000000003,0.2254705036282539,0.13860000000000003,0.13676188614592527,43.48346345801838,0.3794,0.37511498506033875,0.24080000000000001,0.23835309891441347
resnet18_scratch_basic_aug_sgd,blur,3,radius,3.0,5000,0.0692,0.1854,0.0692,0.0692,0.11408043347480465,0.0692,0.06214677287408031,42.439878709003096,0.3794,0.37511498506033875,0.31020000000000003,0.3129682121862584
resnet18_scratch_basic_aug_sgd,blur,4,radius,4.0,5000,0.0482,0.1354,0.0482,0.0482,0.07012071055884132,0.0482,0.03965700842112249,42.562675249995664,0.3794,0.37511498506033875,0.3312,0.3354579766392163
resnet18_scratch_basic_aug_sgd,blur,5,radius,5.0,5000,0.039,0.1144,0.039,0.039,0.05702033578667708,0.039,0.029799321072078198,41.844313042005524,0.3794,0.37511498506033875,0.34040000000000004,0.3453156639882605
sift_bovw_svm,blur,1,radius,1.0,5000,0.029,0.085,0.029,0.029,0.019129272323896274,0.029,0.021463066768524008,174.22144225001102,0.0318,0.025116982298457366,0.0028000000000000004,0.0036539155299333582
sift_bovw_svm,blur,2,radius,2.0,5000,0.0206,0.0626,0.0206,0.0206,0.017503528536451603,0.0206,0.015497523661095589,173.28225833299803,0.0318,0.025116982298457366,0.011200000000000002,0.009619458637361777
sift_bovw_svm,blur,3,radius,3.0,5000,0.0158,0.053,0.0158,0.0158,0.013082564989809477,0.0158,0.011141733713041333,175.09740125000826,0.0318,0.025116982298457366,0.016,0.013975248585416033
sift_bovw_svm,blur,4,radius,4.0,5000,0.0114,0.0448,0.0114,0.011400000000000002,0.00917016868382121,0.011400000000000002,0.008372081700959258,134.2188070419943,0.0318,0.025116982298457366,0.0204,0.016744900597498107
sift_bovw_svm,blur,5,radius,5.0,5000,0.0126,0.0414,0.0126,0.012600000000000002,0.008633636420462618,0.012600000000000002,0.00819574753934828,89.50447404099395,0.0318,0.025116982298457366,0.019200000000000002,0.01692123475910909
hog_random_forest,brightness,1,factor,0.9,5000,0.0116,0.0482,0.0116,0.0116,0.010689797532134363,0.0116,0.007920988879033255,22.019185457989806,0.0132,0.008393324228811136,0.0016000000000000007,0.0004723353497778811
hog_random_forest,brightness,2,factor,0.8,5000,0.0134,0.0484,0.0134,0.0134,0.008709643176483496,0.0134,0.008022966474346012,28.629324500012444,0.0132,0.008393324228811136,-0.00020000000000000052,0.00037035775446512403
hog_random_forest,brightness,3,factor,0.7,5000,0.013,0.0472,0.013,0.013,0.009422678423142202,0.013,0.007838244857875008,28.651953624997986,0.0132,0.008393324228811136,0.00020000000000000052,0.0005550793709361273
hog_random_forest,brightness,4,factor,0.6,5000,0.0134,0.047,0.0134,0.0134,0.009283015635390605,0.0134,0.008297664117911517,29.06799504198716,0.0132,0.008393324228811136,-0.00020000000000000052,9.56601108996185e-05
hog_random_forest,brightness,5,factor,0.5,5000,0.0124,0.048,0.0124,0.0124,0.0070149327070862435,0.0124,0.0067831763446278915,30.287043208023533,0.0132,0.008393324228811136,0.0008000000000000004,0.0016101478841832441
resnet18_pretrained_finetuned,brightness,1,factor,0.9,5000,0.6588,0.8564,0.6588,0.6587999999999999,0.6840176473337464,0.6587999999999999,0.6593494511004199,98.3545436669956,0.6624,0.6620301298160315,0.0035999999999999366,0.0026806787156116174
resnet18_pretrained_finetuned,brightness,2,factor,0.8,5000,0.6498,0.8558,0.6498,0.6498,0.6770465207822792,0.6498,0.6503433355147333,99.0858362079889,0.6624,0.6620301298160315,0.012599999999999945,0.011686794301298153
resnet18_pretrained_finetuned,brightness,3,factor,0.7,5000,0.6428,0.8496,0.6428,0.6427999999999999,0.6723453546453546,0.6427999999999999,0.643187033381713,89.4681700420042,0.6624,0.6620301298160315,0.01959999999999995,0.018843096434318474
resnet18_pretrained_finetuned,brightness,4,factor,0.6,5000,0.6234,0.8384,0.6234,0.6234,0.6611241068251331,0.6234,0.6256781881371863,94.23023700001067,0.6624,0.6620301298160315,0.039000000000000035,0.036351941678845145
resnet18_pretrained_finetuned,brightness,5,factor,0.5,5000,0.5992,0.8154,0.5992,0.5992,0.6470077051855885,0.5992,0.6029681103829093,68.11593387497123,0.6624,0.6620301298160315,0.06320000000000003,0.05906201943312217
resnet18_scratch_basic_aug_sgd,brightness,1,factor,0.9,5000,0.3674,0.6058,0.3674,0.36740000000000006,0.3872622388726871,0.36740000000000006,0.3650918924899095,28.38078783400124,0.3794,0.37511498506033875,0.01200000000000001,0.01002309257042927
resnet18_scratch_basic_aug_sgd,brightness,2,factor,0.8,5000,0.333,0.573,0.333,0.333,0.37296996117628384,0.333,0.3329591549578379,28.9699766249978,0.3794,0.37511498506033875,0.0464,0.042155830102500846
resnet18_scratch_basic_aug_sgd,brightness,3,factor,0.7,5000,0.2846,0.518,0.2846,0.2846,0.3399632620799085,0.2846,0.2854958840013169,29.91378525001346,0.3794,0.37511498506033875,0.0948,0.08961910105902182
resnet18_scratch_basic_aug_sgd,brightness,4,factor,0.6,5000,0.2296,0.4502,0.2296,0.22960000000000003,0.3097112409896673,0.22960000000000003,0.23264658039791355,31.044926792004844,0.3794,0.37511498506033875,0.14980000000000002,0.1424684046624252
resnet18_scratch_basic_aug_sgd,brightness,5,factor,0.5,5000,0.167,0.3522,0.167,0.167,0.2651990419229498,0.167,0.16802928620305677,31.04522170801647,0.3794,0.37511498506033875,0.2124,0.20708569885728198
sift_bovw_svm,brightness,1,factor,0.9,5000,0.0328,0.0882,0.0328,0.032799999999999996,0.02325881893290157,0.032799999999999996,0.02524754260599139,113.1832888329809,0.0318,0.025116982298457366,-0.0010000000000000009,-0.00013056030753402434
sift_bovw_svm,brightness,2,factor,0.8,5000,0.0308,0.0868,0.0308,0.030799999999999998,0.021480329363128284,0.030799999999999998,0.02279444276866564,126.1003392910061,0.0318,0.025116982298457366,0.0010000000000000009,0.0023225395297917263
sift_bovw_svm,brightness,3,factor,0.7,5000,0.0328,0.0848,0.0328,0.032799999999999996,0.020936005637344393,0.032799999999999996,0.023327810939156667,129.2287166250171,0.0318,0.025116982298457366,-0.0010000000000000009,0.0017891713593006994
sift_bovw_svm,brightness,4,factor,0.6,5000,0.032,0.0886,0.032,0.032,0.021843744029690835,0.032,0.023428942563829814,127.74038279100205,0.0318,0.025116982298457366,-0.0001999999999999988,0.001688039734627552
sift_bovw_svm,brightness,5,factor,0.5,5000,0.026,0.0798,0.026,0.026,0.018858074857108272,0.026,0.0186151041961177,113.83755920801195,0.0318,0.025116982298457366,0.005800000000000003,0.006501878102339667
hog_random_forest,gaussian_noise,1,sigma,0.02,5000,0.0122,0.0446,0.0122,0.0122,0.006736907136022021,0.0122,0.0067466252178886126,37.253844125021715,0.0132,0.008393324228811136,0.0009999999999999992,0.001646699010922523
hog_random_forest,gaussian_noise,2,sigma,0.04,5000,0.0094,0.042,0.0094,0.009399999999999999,0.006249866952028814,0.009399999999999999,0.005052375895919444,41.02312337499461,0.0132,0.008393324228811136,0.0037999999999999996,0.0033409483328916915
hog_random_forest,gaussian_noise,3,sigma,0.06,5000,0.0086,0.0384,0.0086,0.008600000000000002,0.005165170041038759,0.008600000000000002,0.004711649634495815,41.28825441698427,0.0132,0.008393324228811136,0.0046,0.0036816745943153203
hog_random_forest,gaussian_noise,4,sigma,0.08,5000,0.0074,0.0292,0.0074,0.0074,0.006902013096407055,0.0074,0.0035037088447357236,28.794212040986167,0.0132,0.008393324228811136,0.0058,0.004889615384075412
hog_random_forest,gaussian_noise,5,sigma,0.1,5000,0.006,0.0268,0.006,0.006,0.002840405233694668,0.006,0.002609603779536669,33.969948000012664,0.0132,0.008393324228811136,0.0072,0.005783720449274467
resnet18_pretrained_finetuned,gaussian_noise,1,sigma,0.02,5000,0.659,0.8554,0.659,0.659,0.6811173267908561,0.659,0.6589576906293928,65.21269262500573,0.6624,0.6620301298160315,0.0033999999999999586,0.003072439186638687
resnet18_pretrained_finetuned,gaussian_noise,2,sigma,0.04,5000,0.63,0.836,0.63,0.63,0.6635860624131855,0.63,0.6308167984649085,66.03403154198895,0.6624,0.6620301298160315,0.032399999999999984,0.03121333135112303
resnet18_pretrained_finetuned,gaussian_noise,3,sigma,0.06,5000,0.5808,0.7974,0.5808,0.5808,0.6367180153600309,0.5808,0.5828154500333546,69.0441584159853,0.6624,0.6620301298160315,0.0816,0.07921467978267693
resnet18_pretrained_finetuned,gaussian_noise,4,sigma,0.08,5000,0.516,0.75,0.516,0.516,0.5969876991340365,0.516,0.5184282263973697,66.53932583399,0.6624,0.6620301298160315,0.14639999999999997,0.14360190341866175
resnet18_pretrained_finetuned,gaussian_noise,5,sigma,0.1,5000,0.4424,0.6834,0.4424,0.44239999999999996,0.549604252838059,0.44239999999999996,0.44650723409354304,68.52863591702771,0.6624,0.6620301298160315,0.21999999999999997,0.21552289572248845
resnet18_scratch_basic_aug_sgd,gaussian_noise,1,sigma,0.02,5000,0.3762,0.6126,0.3762,0.3762,0.39037337180363496,0.3762,0.3722564942671495,45.64852445901488,0.3794,0.37511498506033875,0.003200000000000036,0.002858490793189228
resnet18_scratch_basic_aug_sgd,gaussian_noise,2,sigma,0.04,5000,0.3672,0.6044,0.3672,0.36719999999999997,0.38051286148492036,0.36719999999999997,0.361397481886156,48.32067441698746,0.3794,0.37511498506033875,0.012199999999999989,0.013717503174182744
resnet18_scratch_basic_aug_sgd,gaussian_noise,3,sigma,0.06,5000,0.3476,0.5782,0.3476,0.34759999999999996,0.36662643500178493,0.34759999999999996,0.34128332696463454,50.35561979198246,0.3794,0.37511498506033875,0.031799999999999995,0.03383165809570421
resnet18_scratch_basic_aug_sgd,gaussian_noise,4,sigma,0.08,5000,0.3194,0.5416,0.3194,0.31939999999999996,0.35678669530359414,0.31939999999999996,0.3137972362042139,51.064125832985155,0.3794,0.37511498506033875,0.06,0.06131774885612484
resnet18_scratch_basic_aug_sgd,gaussian_noise,5,sigma,0.1,5000,0.277,0.4942,0.277,0.277,0.33266857440369285,0.277,0.27274971163514405,50.64758933300618,0.3794,0.37511498506033875,0.10239999999999999,0.10236527342519469
sift_bovw_svm,gaussian_noise,1,sigma,0.02,5000,0.029,0.0832,0.029,0.029,0.01999510486743437,0.029,0.021890964965521308,97.81342391701764,0.0318,0.025116982298457366,0.0028000000000000004,0.0032260173329360584
sift_bovw_svm,gaussian_noise,2,sigma,0.04,5000,0.0344,0.087,0.0344,0.0344,0.02558452550820414,0.0344,0.026357546874836803,95.48198212499847,0.0318,0.025116982298457366,-0.002599999999999998,-0.0012405645763794368
sift_bovw_svm,gaussian_noise,3,sigma,0.06,5000,0.0298,0.0868,0.0298,0.029800000000000004,0.021891390777153966,0.029800000000000004,0.023074978649191266,164.39055224999902,0.0318,0.025116982298457366,0.0020000000000000018,0.0020420036492661
sift_bovw_svm,gaussian_noise,4,sigma,0.08,5000,0.0268,0.0816,0.0268,0.0268,0.018714545351894898,0.0268,0.01972041059087724,170.67174712501583,0.0318,0.025116982298457366,0.005000000000000001,0.005396571707580126
sift_bovw_svm,gaussian_noise,5,sigma,0.1,5000,0.0266,0.0814,0.0266,0.026600000000000002,0.021695741572740634,0.026600000000000002,0.020789849375348068,178.87011124999844,0.0318,0.025116982298457366,0.005200000000000003,0.004327132923109298
hog_random_forest,jpeg_compression,1,quality,80.0,5000,0.0128,0.049,0.0128,0.0128,0.009850847545926507,0.0128,0.007856626215253277,33.67607270900044,0.0132,0.008393324228811136,0.0003999999999999993,0.0005366980135578583
hog_random_forest,jpeg_compression,2,quality,60.0,5000,0.0114,0.0468,0.0114,0.0114,0.00708123703629616,0.0114,0.006723286892027835,32.34012991600321,0.0132,0.008393324228811136,0.0017999999999999995,0.001670037336783301
hog_random_forest,jpeg_compression,3,quality,40.0,5000,0.0138,0.0488,0.0138,0.013800000000000002,0.009206020151721199,0.013800000000000002,0.007906326747711896,31.357411167002283,0.0132,0.008393324228811136,-0.0005999999999999998,0.00048699748109923974
hog_random_forest,jpeg_compression,4,quality,25.0,5000,0.012,0.0482,0.012,0.012000000000000002,0.009044871875263762,0.012000000000000002,0.007399403436991238,30.682615041005192,0.0132,0.008393324228811136,0.0011999999999999997,0.0009939207918198975
hog_random_forest,jpeg_compression,5,quality,10.0,5000,0.0116,0.042,0.0116,0.011600000000000001,0.008158264522183972,0.011600000000000001,0.006656145949274364,30.60225020899088,0.0132,0.008393324228811136,0.0016000000000000007,0.001737178279536772
resnet18_pretrained_finetuned,jpeg_compression,1,quality,80.0,5000,0.6544,0.852,0.6544,0.6544,0.6765505948557806,0.6544,0.6536302660848337,72.98912591600674,0.6624,0.6620301298160315,0.008000000000000007,0.008399863731197832
resnet18_pretrained_finetuned,jpeg_compression,2,quality,60.0,5000,0.6518,0.8484,0.6518,0.6517999999999999,0.6752222304120102,0.6517999999999999,0.6513743779495005,50.492677832982736,0.6624,0.6620301298160315,0.010599999999999943,0.010655751866531005
resnet18_pretrained_finetuned,jpeg_compression,3,quality,40.0,5000,0.638,0.8414,0.638,0.638,0.6671617551007644,0.638,0.6392102888772259,41.18949150000117,0.6624,0.6620301298160315,0.024399999999999977,0.022819840938805624
resnet18_pretrained_finetuned,jpeg_compression,4,quality,25.0,5000,0.6184,0.827,0.6184,0.6184,0.6558645136768976,0.6184,0.6200266786312163,38.96370362499147,0.6624,0.6620301298160315,0.04400000000000004,0.04200345118481519
resnet18_pretrained_finetuned,jpeg_compression,5,quality,10.0,5000,0.5012,0.7396,0.5012,0.5012000000000001,0.5851069909202288,0.5012000000000001,0.5075241469565848,36.63358216598863,0.6624,0.6620301298160315,0.1612,0.15450598285944672
resnet18_scratch_basic_aug_sgd,jpeg_compression,1,quality,80.0,5000,0.3656,0.6054,0.3656,0.3656,0.3840634488490526,0.3656,0.36212903590190637,33.72275504199206,0.3794,0.37511498506033875,0.013800000000000034,0.012985949158432375
resnet18_scratch_basic_aug_sgd,jpeg_compression,2,quality,60.0,5000,0.3656,0.6036,0.3656,0.3656,0.38593370104801195,0.3656,0.3622828118065511,33.31207662500674,0.3794,0.37511498506033875,0.013800000000000034,0.01283217325378766
resnet18_scratch_basic_aug_sgd,jpeg_compression,3,quality,40.0,5000,0.3576,0.5946,0.3576,0.3576,0.3800754182607898,0.3576,0.35468960089974727,32.73915758301155,0.3794,0.37511498506033875,0.02180000000000004,0.020425384160591475
resnet18_scratch_basic_aug_sgd,jpeg_compression,4,quality,25.0,5000,0.3444,0.5824,0.3444,0.3444,0.36677270441829746,0.3444,0.33987379882569757,32.30901608400745,0.3794,0.37511498506033875,0.03500000000000003,0.035241186234641175
resnet18_scratch_basic_aug_sgd,jpeg_compression,5,quality,10.0,5000,0.2798,0.5012,0.2798,0.2798,0.31831547411380834,0.2798,0.27587919947039347,32.489457292016596,0.3794,0.37511498506033875,0.09960000000000002,0.09923578558994528
sift_bovw_svm,jpeg_compression,1,quality,80.0,5000,0.0292,0.0826,0.0292,0.029200000000000004,0.02112815883877384,0.029200000000000004,0.0225684293446474,127.29444450000301,0.0318,0.025116982298457366,0.0026000000000000016,0.0025485529538099676
sift_bovw_svm,jpeg_compression,2,quality,60.0,5000,0.0314,0.0836,0.0314,0.0314,0.02186185537943499,0.0314,0.023903728202274627,137.16330708298483,0.0318,0.025116982298457366,0.0004000000000000045,0.0012132540961827393
sift_bovw_svm,jpeg_compression,3,quality,40.0,5000,0.03,0.0904,0.03,0.03,0.022115307862572986,0.03,0.02344231494980801,138.3685321249941,0.0318,0.025116982298457366,0.001800000000000003,0.0016746673486493571
sift_bovw_svm,jpeg_compression,4,quality,25.0,5000,0.032,0.083,0.032,0.032,0.02194006533619426,0.032,0.023565157821955566,135.1882521249936,0.0318,0.025116982298457366,-0.0001999999999999988,0.0015518244765018
sift_bovw_svm,jpeg_compression,5,quality,10.0,5000,0.0288,0.0792,0.0288,0.0288,0.020336208922957667,0.0288,0.021932139078079938,117.83299095800612,0.0318,0.025116982298457366,0.0030000000000000027,0.003184843220377428
